PBMCG00001	PBMCG00001	Gene Expression
PBMCG00002	PBMCG00002	Gene Expression
PBMCG00003	PBMCG00003	Gene Expression
PBMCG00004	PBMCG00004	Gene Expression
PBMCG00005	PBMCG00005	Gene Expression
PBMCG00006	PBMCG00006	Gene Expression
PBMCG00007	PBMCG00007	Gene Expression
PBMCG00008	PBMCG00008	Gene Expression
PBMCG00009	PBMCG00009	Gene Expression
PBMCG00010	PBMCG00010	Gene Expression
PBMCG00011	PBMCG00011	Gene Expression
PBMCG00012	PBMCG00012	Gene Expression
PBMCG00013	PBMCG00013	Gene Expression
PBMCG00014	PBMCG00014	Gene Expression
PBMCG00015	PBMCG00015	Gene Expression
PBMCG00016	PBMCG00016	Gene Expression
PBMCG00017	PBMCG00017	Gene Expression
PBMCG00018	PBMCG00018	Gene Expression
PBMCG00019	PBMCG00019	Gene Expression
PBMCG00020	PBMCG00020	Gene Expression
PBMCG00021	PBMCG00021	Gene Expression
PBMCG00022	PBMCG00022	Gene Expression
PBMCG00023	PBMCG00023	Gene Expression
PBMCG00024	PBMCG00024	Gene Expression
PBMCG00025	PBMCG00025	Gene Expression
PBMCG00026	PBMCG00026	Gene Expression
PBMCG00027	PBMCG00027	Gene Expression
PBMCG00028	PBMCG00028	Gene Expression
PBMCG00029	PBMCG00029	Gene Expression
PBMCG00030	PBMCG00030	Gene Expression
PBMCG00031	PBMCG00031	Gene Expression
PBMCG00032	PBMCG00032	Gene Expression
PBMCG00033	PBMCG00033	Gene Expression
PBMCG00034	PBMCG00034	Gene Expression
PBMCG00035	PBMCG00035	Gene Expression
PBMCG00036	PBMCG00036	Gene Expression
PBMCG00037	PBMCG00037	Gene Expression
PBMCG00038	PBMCG00038	Gene Expression
PBMCG00039	PBMCG00039	Gene Expression
PBMCG00040	PBMCG00040	Gene Expression
PBMCG00041	PBMCG00041	Gene Expression
PBMCG00042	PBMCG00042	Gene Expression
PBMCG00043	PBMCG00043	Gene Expression
PBMCG00044	PBMCG00044	Gene Expression
PBMCG00045	PBMCG00045	Gene Expression
PBMCG00046	PBMCG00046	Gene Expression
PBMCG00047	PBMCG00047	Gene Expression
PBMCG00048	PBMCG00048	Gene Expression
PBMCG00049	PBMCG00049	Gene Expression
PBMCG00050	PBMCG00050	Gene Expression
PBMCG00051	PBMCG00051	Gene Expression
PBMCG00052	PBMCG00052	Gene Expression
PBMCG00053	PBMCG00053	Gene Expression
PBMCG00054	PBMCG00054	Gene Expression
PBMCG00055	PBMCG00055	Gene Expression
PBMCG00056	PBMCG00056	Gene Expression
PBMCG00057	PBMCG00057	Gene Expression
PBMCG00058	PBMCG00058	Gene Expression
PBMCG00059	PBMCG00059	Gene Expression
PBMCG00060	PBMCG00060	Gene Expression
PBMCG00061	PBMCG00061	Gene Expression
PBMCG00062	PBMCG00062	Gene Expression
PBMCG00063	PBMCG00063	Gene Expression
PBMCG00064	PBMCG00064	Gene Expression
PBMCG00065	PBMCG00065	Gene Expression
PBMCG00066	PBMCG00066	Gene Expression
PBMCG00067	PBMCG00067	Gene Expression
PBMCG00068	PBMCG00068	Gene Expression
PBMCG00069	PBMCG00069	Gene Expression
PBMCG00070	PBMCG00070	Gene Expression
PBMCG00071	PBMCG00071	Gene Expression
PBMCG00072	PBMCG00072	Gene Expression
PBMCG00073	PBMCG00073	Gene Expression
PBMCG00074	PBMCG00074	Gene Expression
PBMCG00075	PBMCG00075	Gene Expression
PBMCG00076	PBMCG00076	Gene Expression
PBMCG00077	PBMCG00077	Gene Expression
PBMCG00078	PBMCG00078	Gene Expression
PBMCG00079	PBMCG00079	Gene Expression
PBMCG00080	PBMCG00080	Gene Expression
PBMCG00081	PBMCG00081	Gene Expression
PBMCG00082	PBMCG00082	Gene Expression
PBMCG00083	PBMCG00083	Gene Expression
PBMCG00084	PBMCG00084	Gene Expression
PBMCG00085	PBMCG00085	Gene Expression
PBMCG00086	PBMCG00086	Gene Expression
PBMCG00087	PBMCG00087	Gene Expression
PBMCG00088	PBMCG00088	Gene Expression
PBMCG00089	PBMCG00089	Gene Expression
PBMCG00090	PBMCG00090	Gene Expression
PBMCG00091	PBMCG00091	Gene Expression
PBMCG00092	PBMCG00092	Gene Expression
PBMCG00093	PBMCG00093	Gene Expression
PBMCG00094	PBMCG00094	Gene Expression
PBMCG00095	PBMCG00095	Gene Expression
PBMCG00096	PBMCG00096	Gene Expression
PBMCG00097	PBMCG00097	Gene Expression
PBMCG00098	PBMCG00098	Gene Expression
PBMCG00099	PBMCG00099	Gene Expression
PBMCG00100	PBMCG00100	Gene Expression
PBMCG00101	PBMCG00101	Gene Expression
PBMCG00102	PBMCG00102	Gene Expression
PBMCG00103	PBMCG00103	Gene Expression
PBMCG00104	PBMCG00104	Gene Expression
PBMCG00105	PBMCG00105	Gene Expression
PBMCG00106	PBMCG00106	Gene Expression
PBMCG00107	PBMCG00107	Gene Expression
PBMCG00108	PBMCG00108	Gene Expression
PBMCG00109	PBMCG00109	Gene Expression
PBMCG00110	PBMCG00110	Gene Expression
PBMCG00111	PBMCG00111	Gene Expression
PBMCG00112	PBMCG00112	Gene Expression
PBMCG00113	PBMCG00113	Gene Expression
PBMCG00114	PBMCG00114	Gene Expression
PBMCG00115	PBMCG00115	Gene Expression
PBMCG00116	PBMCG00116	Gene Expression
PBMCG00117	PBMCG00117	Gene Expression
PBMCG00118	PBMCG00118	Gene Expression
PBMCG00119	PBMCG00119	Gene Expression
PBMCG00120	PBMCG00120	Gene Expression
PBMCG00121	PBMCG00121	Gene Expression
PBMCG00122	PBMCG00122	Gene Expression
PBMCG00123	PBMCG00123	Gene Expression
PBMCG00124	PBMCG00124	Gene Expression
PBMCG00125	PBMCG00125	Gene Expression
PBMCG00126	PBMCG00126	Gene Expression
PBMCG00127	PBMCG00127	Gene Expression
PBMCG00128	PBMCG00128	Gene Expression
PBMCG00129	PBMCG00129	Gene Expression
PBMCG00130	PBMCG00130	Gene Expression
PBMCG00131	PBMCG00131	Gene Expression
PBMCG00132	PBMCG00132	Gene Expression
PBMCG00133	PBMCG00133	Gene Expression
PBMCG00134	PBMCG00134	Gene Expression
PBMCG00135	PBMCG00135	Gene Expression
PBMCG00136	PBMCG00136	Gene Expression
PBMCG00137	PBMCG00137	Gene Expression
PBMCG00138	PBMCG00138	Gene Expression
PBMCG00139	PBMCG00139	Gene Expression
PBMCG00140	PBMCG00140	Gene Expression
PBMCG00141	PBMCG00141	Gene Expression
PBMCG00142	PBMCG00142	Gene Expression
PBMCG00143	PBMCG00143	Gene Expression
PBMCG00144	PBMCG00144	Gene Expression
PBMCG00145	PBMCG00145	Gene Expression
PBMCG00146	PBMCG00146	Gene Expression
PBMCG00147	PBMCG00147	Gene Expression
PBMCG00148	PBMCG00148	Gene Expression
PBMCG00149	PBMCG00149	Gene Expression
PBMCG00150	PBMCG00150	Gene Expression
PBMCG00151	PBMCG00151	Gene Expression
PBMCG00152	PBMCG00152	Gene Expression
PBMCG00153	PBMCG00153	Gene Expression
PBMCG00154	PBMCG00154	Gene Expression
PBMCG00155	PBMCG00155	Gene Expression
PBMCG00156	PBMCG00156	Gene Expression
PBMCG00157	PBMCG00157	Gene Expression
PBMCG00158	PBMCG00158	Gene Expression
PBMCG00159	PBMCG00159	Gene Expression
PBMCG00160	PBMCG00160	Gene Expression
PBMCG00161	PBMCG00161	Gene Expression
PBMCG00162	PBMCG00162	Gene Expression
PBMCG00163	PBMCG00163	Gene Expression
PBMCG00164	PBMCG00164	Gene Expression
PBMCG00165	PBMCG00165	Gene Expression
PBMCG00166	PBMCG00166	Gene Expression
PBMCG00167	PBMCG00167	Gene Expression
PBMCG00168	PBMCG00168	Gene Expression
PBMCG00169	PBMCG00169	Gene Expression
PBMCG00170	PBMCG00170	Gene Expression
PBMCG00171	PBMCG00171	Gene Expression
PBMCG00172	PBMCG00172	Gene Expression
PBMCG00173	PBMCG00173	Gene Expression
PBMCG00174	PBMCG00174	Gene Expression
PBMCG00175	PBMCG00175	Gene Expression
PBMCG00176	PBMCG00176	Gene Expression
PBMCG00177	PBMCG00177	Gene Expression
PBMCG00178	PBMCG00178	Gene Expression
PBMCG00179	PBMCG00179	Gene Expression
PBMCG00180	PBMCG00180	Gene Expression
PBMCG00181	PBMCG00181	Gene Expression
PBMCG00182	PBMCG00182	Gene Expression
PBMCG00183	PBMCG00183	Gene Expression
PBMCG00184	PBMCG00184	Gene Expression
PBMCG00185	PBMCG00185	Gene Expression
PBMCG00186	PBMCG00186	Gene Expression
PBMCG00187	PBMCG00187	Gene Expression
PBMCG00188	PBMCG00188	Gene Expression
PBMCG00189	PBMCG00189	Gene Expression
PBMCG00190	PBMCG00190	Gene Expression
PBMCG00191	PBMCG00191	Gene Expression
PBMCG00192	PBMCG00192	Gene Expression
PBMCG00193	PBMCG00193	Gene Expression
PBMCG00194	PBMCG00194	Gene Expression
PBMCG00195	PBMCG00195	Gene Expression
PBMCG00196	PBMCG00196	Gene Expression
PBMCG00197	PBMCG00197	Gene Expression
PBMCG00198	PBMCG00198	Gene Expression
PBMCG00199	PBMCG00199	Gene Expression
PBMCG00200	PBMCG00200	Gene Expression
PBMCG00201	PBMCG00201	Gene Expression
PBMCG00202	PBMCG00202	Gene Expression
PBMCG00203	PBMCG00203	Gene Expression
PBMCG00204	PBMCG00204	Gene Expression
PBMCG00205	PBMCG00205	Gene Expression
PBMCG00206	PBMCG00206	Gene Expression
PBMCG00207	PBMCG00207	Gene Expression
PBMCG00208	PBMCG00208	Gene Expression
PBMCG00209	PBMCG00209	Gene Expression
PBMCG00210	PBMCG00210	Gene Expression
PBMCG00211	PBMCG00211	Gene Expression
PBMCG00212	PBMCG00212	Gene Expression
PBMCG00213	PBMCG00213	Gene Expression
PBMCG00214	PBMCG00214	Gene Expression
PBMCG00215	PBMCG00215	Gene Expression
PBMCG00216	PBMCG00216	Gene Expression
PBMCG00217	PBMCG00217	Gene Expression
PBMCG00218	PBMCG00218	Gene Expression
PBMCG00219	PBMCG00219	Gene Expression
PBMCG00220	PBMCG00220	Gene Expression
PBMCG00221	PBMCG00221	Gene Expression
PBMCG00222	PBMCG00222	Gene Expression
PBMCG00223	PBMCG00223	Gene Expression
PBMCG00224	PBMCG00224	Gene Expression
PBMCG00225	PBMCG00225	Gene Expression
PBMCG00226	PBMCG00226	Gene Expression
PBMCG00227	PBMCG00227	Gene Expression
PBMCG00228	PBMCG00228	Gene Expression
PBMCG00229	PBMCG00229	Gene Expression
PBMCG00230	PBMCG00230	Gene Expression
PBMCG00231	PBMCG00231	Gene Expression
PBMCG00232	PBMCG00232	Gene Expression
PBMCG00233	PBMCG00233	Gene Expression
PBMCG00234	PBMCG00234	Gene Expression
PBMCG00235	PBMCG00235	Gene Expression
PBMCG00236	PBMCG00236	Gene Expression
PBMCG00237	PBMCG00237	Gene Expression
PBMCG00238	PBMCG00238	Gene Expression
PBMCG00239	PBMCG00239	Gene Expression
PBMCG00240	PBMCG00240	Gene Expression
PBMCG00241	PBMCG00241	Gene Expression
PBMCG00242	PBMCG00242	Gene Expression
PBMCG00243	PBMCG00243	Gene Expression
PBMCG00244	PBMCG00244	Gene Expression
PBMCG00245	PBMCG00245	Gene Expression
PBMCG00246	PBMCG00246	Gene Expression
PBMCG00247	PBMCG00247	Gene Expression
PBMCG00248	PBMCG00248	Gene Expression
PBMCG00249	PBMCG00249	Gene Expression
PBMCG00250	PBMCG00250	Gene Expression
PBMCG00251	PBMCG00251	Gene Expression
PBMCG00252	PBMCG00252	Gene Expression
PBMCG00253	PBMCG00253	Gene Expression
PBMCG00254	PBMCG00254	Gene Expression
PBMCG00255	PBMCG00255	Gene Expression
PBMCG00256	PBMCG00256	Gene Expression
PBMCG00257	PBMCG00257	Gene Expression
PBMCG00258	PBMCG00258	Gene Expression
PBMCG00259	PBMCG00259	Gene Expression
PBMCG00260	PBMCG00260	Gene Expression
PBMCG00261	PBMCG00261	Gene Expression
PBMCG00262	PBMCG00262	Gene Expression
PBMCG00263	PBMCG00263	Gene Expression
PBMCG00264	PBMCG00264	Gene Expression
PBMCG00265	PBMCG00265	Gene Expression
PBMCG00266	PBMCG00266	Gene Expression
PBMCG00267	PBMCG00267	Gene Expression
PBMCG00268	PBMCG00268	Gene Expression
PBMCG00269	PBMCG00269	Gene Expression
PBMCG00270	PBMCG00270	Gene Expression
PBMCG00271	PBMCG00271	Gene Expression
PBMCG00272	PBMCG00272	Gene Expression
PBMCG00273	PBMCG00273	Gene Expression
PBMCG00274	PBMCG00274	Gene Expression
PBMCG00275	PBMCG00275	Gene Expression
PBMCG00276	PBMCG00276	Gene Expression
PBMCG00277	PBMCG00277	Gene Expression
PBMCG00278	PBMCG00278	Gene Expression
PBMCG00279	PBMCG00279	Gene Expression
PBMCG00280	PBMCG00280	Gene Expression
PBMCG00281	PBMCG00281	Gene Expression
PBMCG00282	PBMCG00282	Gene Expression
PBMCG00283	PBMCG00283	Gene Expression
PBMCG00284	PBMCG00284	Gene Expression
PBMCG00285	PBMCG00285	Gene Expression
PBMCG00286	PBMCG00286	Gene Expression
PBMCG00287	PBMCG00287	Gene Expression
PBMCG00288	PBMCG00288	Gene Expression
PBMCG00289	PBMCG00289	Gene Expression
PBMCG00290	PBMCG00290	Gene Expression
PBMCG00291	PBMCG00291	Gene Expression
PBMCG00292	PBMCG00292	Gene Expression
PBMCG00293	PBMCG00293	Gene Expression
PBMCG00294	PBMCG00294	Gene Expression
PBMCG00295	PBMCG00295	Gene Expression
PBMCG00296	PBMCG00296	Gene Expression
PBMCG00297	PBMCG00297	Gene Expression
PBMCG00298	PBMCG00298	Gene Expression
PBMCG00299	PBMCG00299	Gene Expression
PBMCG00300	PBMCG00300	Gene Expression
PBMCG00301	PBMCG00301	Gene Expression
PBMCG00302	PBMCG00302	Gene Expression
PBMCG00303	PBMCG00303	Gene Expression
PBMCG00304	PBMCG00304	Gene Expression
PBMCG00305	PBMCG00305	Gene Expression
PBMCG00306	PBMCG00306	Gene Expression
PBMCG00307	PBMCG00307	Gene Expression
PBMCG00308	PBMCG00308	Gene Expression
PBMCG00309	PBMCG00309	Gene Expression
PBMCG00310	PBMCG00310	Gene Expression
PBMCG00311	PBMCG00311	Gene Expression
PBMCG00312	PBMCG00312	Gene Expression
PBMCG00313	PBMCG00313	Gene Expression
PBMCG00314	PBMCG00314	Gene Expression
PBMCG00315	PBMCG00315	Gene Expression
PBMCG00316	PBMCG00316	Gene Expression
PBMCG00317	PBMCG00317	Gene Expression
PBMCG00318	PBMCG00318	Gene Expression
PBMCG00319	PBMCG00319	Gene Expression
PBMCG00320	PBMCG00320	Gene Expression
PBMCG00321	PBMCG00321	Gene Expression
PBMCG00322	PBMCG00322	Gene Expression
PBMCG00323	PBMCG00323	Gene Expression
PBMCG00324	PBMCG00324	Gene Expression
PBMCG00325	PBMCG00325	Gene Expression
PBMCG00326	PBMCG00326	Gene Expression
PBMCG00327	PBMCG00327	Gene Expression
PBMCG00328	PBMCG00328	Gene Expression
PBMCG00329	PBMCG00329	Gene Expression
PBMCG00330	PBMCG00330	Gene Expression
PBMCG00331	PBMCG00331	Gene Expression
PBMCG00332	PBMCG00332	Gene Expression
PBMCG00333	PBMCG00333	Gene Expression
PBMCG00334	PBMCG00334	Gene Expression
PBMCG00335	PBMCG00335	Gene Expression
PBMCG00336	PBMCG00336	Gene Expression
PBMCG00337	PBMCG00337	Gene Expression
PBMCG00338	PBMCG00338	Gene Expression
PBMCG00339	PBMCG00339	Gene Expression
PBMCG00340	PBMCG00340	Gene Expression
PBMCG00341	PBMCG00341	Gene Expression
PBMCG00342	PBMCG00342	Gene Expression
PBMCG00343	PBMCG00343	Gene Expression
PBMCG00344	PBMCG00344	Gene Expression
PBMCG00345	PBMCG00345	Gene Expression
PBMCG00346	PBMCG00346	Gene Expression
PBMCG00347	PBMCG00347	Gene Expression
PBMCG00348	PBMCG00348	Gene Expression
PBMCG00349	PBMCG00349	Gene Expression
PBMCG00350	PBMCG00350	Gene Expression
PBMCG00351	PBMCG00351	Gene Expression
PBMCG00352	PBMCG00352	Gene Expression
PBMCG00353	PBMCG00353	Gene Expression
PBMCG00354	PBMCG00354	Gene Expression
PBMCG00355	PBMCG00355	Gene Expression
PBMCG00356	PBMCG00356	Gene Expression
PBMCG00357	PBMCG00357	Gene Expression
PBMCG00358	PBMCG00358	Gene Expression
PBMCG00359	PBMCG00359	Gene Expression
PBMCG00360	PBMCG00360	Gene Expression
PBMCG00361	PBMCG00361	Gene Expression
PBMCG00362	PBMCG00362	Gene Expression
PBMCG00363	PBMCG00363	Gene Expression
PBMCG00364	PBMCG00364	Gene Expression
PBMCG00365	PBMCG00365	Gene Expression
PBMCG00366	PBMCG00366	Gene Expression
PBMCG00367	PBMCG00367	Gene Expression
PBMCG00368	PBMCG00368	Gene Expression
PBMCG00369	PBMCG00369	Gene Expression
PBMCG00370	PBMCG00370	Gene Expression
PBMCG00371	PBMCG00371	Gene Expression
PBMCG00372	PBMCG00372	Gene Expression
PBMCG00373	PBMCG00373	Gene Expression
PBMCG00374	PBMCG00374	Gene Expression
PBMCG00375	PBMCG00375	Gene Expression
PBMCG00376	PBMCG00376	Gene Expression
PBMCG00377	PBMCG00377	Gene Expression
PBMCG00378	PBMCG00378	Gene Expression
PBMCG00379	PBMCG00379	Gene Expression
PBMCG00380	PBMCG00380	Gene Expression
PBMCG00381	PBMCG00381	Gene Expression
PBMCG00382	PBMCG00382	Gene Expression
PBMCG00383	PBMCG00383	Gene Expression
PBMCG00384	PBMCG00384	Gene Expression
PBMCG00385	PBMCG00385	Gene Expression
PBMCG00386	PBMCG00386	Gene Expression
PBMCG00387	PBMCG00387	Gene Expression
PBMCG00388	PBMCG00388	Gene Expression
PBMCG00389	PBMCG00389	Gene Expression
PBMCG00390	PBMCG00390	Gene Expression
PBMCG00391	PBMCG00391	Gene Expression
PBMCG00392	PBMCG00392	Gene Expression
PBMCG00393	PBMCG00393	Gene Expression
PBMCG00394	PBMCG00394	Gene Expression
PBMCG00395	PBMCG00395	Gene Expression
PBMCG00396	PBMCG00396	Gene Expression
PBMCG00397	PBMCG00397	Gene Expression
PBMCG00398	PBMCG00398	Gene Expression
PBMCG00399	PBMCG00399	Gene Expression
PBMCG00400	PBMCG00400	Gene Expression
PBMCG00401	PBMCG00401	Gene Expression
PBMCG00402	PBMCG00402	Gene Expression
PBMCG00403	PBMCG00403	Gene Expression
PBMCG00404	PBMCG00404	Gene Expression
PBMCG00405	PBMCG00405	Gene Expression
PBMCG00406	PBMCG00406	Gene Expression
PBMCG00407	PBMCG00407	Gene Expression
PBMCG00408	PBMCG00408	Gene Expression
PBMCG00409	PBMCG00409	Gene Expression
PBMCG00410	PBMCG00410	Gene Expression
PBMCG00411	PBMCG00411	Gene Expression
PBMCG00412	PBMCG00412	Gene Expression
PBMCG00413	PBMCG00413	Gene Expression
PBMCG00414	PBMCG00414	Gene Expression
PBMCG00415	PBMCG00415	Gene Expression
PBMCG00416	PBMCG00416	Gene Expression
PBMCG00417	PBMCG00417	Gene Expression
PBMCG00418	PBMCG00418	Gene Expression
PBMCG00419	PBMCG00419	Gene Expression
PBMCG00420	PBMCG00420	Gene Expression
PBMCG00421	PBMCG00421	Gene Expression
PBMCG00422	PBMCG00422	Gene Expression
PBMCG00423	PBMCG00423	Gene Expression
PBMCG00424	PBMCG00424	Gene Expression
PBMCG00425	PBMCG00425	Gene Expression
PBMCG00426	PBMCG00426	Gene Expression
PBMCG00427	PBMCG00427	Gene Expression
PBMCG00428	PBMCG00428	Gene Expression
PBMCG00429	PBMCG00429	Gene Expression
PBMCG00430	PBMCG00430	Gene Expression
PBMCG00431	PBMCG00431	Gene Expression
PBMCG00432	PBMCG00432	Gene Expression
PBMCG00433	PBMCG00433	Gene Expression
PBMCG00434	PBMCG00434	Gene Expression
PBMCG00435	PBMCG00435	Gene Expression
PBMCG00436	PBMCG00436	Gene Expression
PBMCG00437	PBMCG00437	Gene Expression
PBMCG00438	PBMCG00438	Gene Expression
PBMCG00439	PBMCG00439	Gene Expression
PBMCG00440	PBMCG00440	Gene Expression
PBMCG00441	PBMCG00441	Gene Expression
PBMCG00442	PBMCG00442	Gene Expression
PBMCG00443	PBMCG00443	Gene Expression
PBMCG00444	PBMCG00444	Gene Expression
PBMCG00445	PBMCG00445	Gene Expression
PBMCG00446	PBMCG00446	Gene Expression
PBMCG00447	PBMCG00447	Gene Expression
PBMCG00448	PBMCG00448	Gene Expression
PBMCG00449	PBMCG00449	Gene Expression
PBMCG00450	PBMCG00450	Gene Expression
PBMCG00451	PBMCG00451	Gene Expression
PBMCG00452	PBMCG00452	Gene Expression
PBMCG00453	PBMCG00453	Gene Expression
PBMCG00454	PBMCG00454	Gene Expression
PBMCG00455	PBMCG00455	Gene Expression
PBMCG00456	PBMCG00456	Gene Expression
PBMCG00457	PBMCG00457	Gene Expression
PBMCG00458	PBMCG00458	Gene Expression
PBMCG00459	PBMCG00459	Gene Expression
PBMCG00460	PBMCG00460	Gene Expression
PBMCG00461	PBMCG00461	Gene Expression
PBMCG00462	PBMCG00462	Gene Expression
PBMCG00463	PBMCG00463	Gene Expression
PBMCG00464	PBMCG00464	Gene Expression
PBMCG00465	PBMCG00465	Gene Expression
PBMCG00466	PBMCG00466	Gene Expression
PBMCG00467	PBMCG00467	Gene Expression
PBMCG00468	PBMCG00468	Gene Expression
PBMCG00469	PBMCG00469	Gene Expression
PBMCG00470	PBMCG00470	Gene Expression
PBMCG00471	PBMCG00471	Gene Expression
PBMCG00472	PBMCG00472	Gene Expression
PBMCG00473	PBMCG00473	Gene Expression
PBMCG00474	PBMCG00474	Gene Expression
PBMCG00475	PBMCG00475	Gene Expression
PBMCG00476	PBMCG00476	Gene Expression
PBMCG00477	PBMCG00477	Gene Expression
PBMCG00478	PBMCG00478	Gene Expression
PBMCG00479	PBMCG00479	Gene Expression
PBMCG00480	PBMCG00480	Gene Expression
PBMCG00481	PBMCG00481	Gene Expression
PBMCG00482	PBMCG00482	Gene Expression
PBMCG00483	PBMCG00483	Gene Expression
PBMCG00484	PBMCG00484	Gene Expression
PBMCG00485	PBMCG00485	Gene Expression
PBMCG00486	PBMCG00486	Gene Expression
PBMCG00487	PBMCG00487	Gene Expression
PBMCG00488	PBMCG00488	Gene Expression
PBMCG00489	PBMCG00489	Gene Expression
PBMCG00490	PBMCG00490	Gene Expression
PBMCG00491	PBMCG00491	Gene Expression
PBMCG00492	PBMCG00492	Gene Expression
PBMCG00493	PBMCG00493	Gene Expression
PBMCG00494	PBMCG00494	Gene Expression
PBMCG00495	PBMCG00495	Gene Expression
PBMCG00496	PBMCG00496	Gene Expression
PBMCG00497	PBMCG00497	Gene Expression
PBMCG00498	PBMCG00498	Gene Expression
PBMCG00499	PBMCG00499	Gene Expression
PBMCG00500	PBMCG00500	Gene Expression
PBMCG00501	PBMCG00501	Gene Expression
PBMCG00502	PBMCG00502	Gene Expression
PBMCG00503	PBMCG00503	Gene Expression
PBMCG00504	PBMCG00504	Gene Expression
PBMCG00505	PBMCG00505	Gene Expression
PBMCG00506	PBMCG00506	Gene Expression
PBMCG00507	PBMCG00507	Gene Expression
PBMCG00508	PBMCG00508	Gene Expression
PBMCG00509	PBMCG00509	Gene Expression
PBMCG00510	PBMCG00510	Gene Expression
PBMCG00511	PBMCG00511	Gene Expression
PBMCG00512	PBMCG00512	Gene Expression
PBMCG00513	PBMCG00513	Gene Expression
PBMCG00514	PBMCG00514	Gene Expression
PBMCG00515	PBMCG00515	Gene Expression
PBMCG00516	PBMCG00516	Gene Expression
PBMCG00517	PBMCG00517	Gene Expression
PBMCG00518	PBMCG00518	Gene Expression
PBMCG00519	PBMCG00519	Gene Expression
PBMCG00520	PBMCG00520	Gene Expression
PBMCG00521	PBMCG00521	Gene Expression
PBMCG00522	PBMCG00522	Gene Expression
PBMCG00523	PBMCG00523	Gene Expression
PBMCG00524	PBMCG00524	Gene Expression
PBMCG00525	PBMCG00525	Gene Expression
PBMCG00526	PBMCG00526	Gene Expression
PBMCG00527	PBMCG00527	Gene Expression
PBMCG00528	PBMCG00528	Gene Expression
PBMCG00529	PBMCG00529	Gene Expression
PBMCG00530	PBMCG00530	Gene Expression
PBMCG00531	PBMCG00531	Gene Expression
PBMCG00532	PBMCG00532	Gene Expression
PBMCG00533	PBMCG00533	Gene Expression
PBMCG00534	PBMCG00534	Gene Expression
PBMCG00535	PBMCG00535	Gene Expression
PBMCG00536	PBMCG00536	Gene Expression
PBMCG00537	PBMCG00537	Gene Expression
PBMCG00538	PBMCG00538	Gene Expression
PBMCG00539	PBMCG00539	Gene Expression
PBMCG00540	PBMCG00540	Gene Expression
PBMCG00541	PBMCG00541	Gene Expression
PBMCG00542	PBMCG00542	Gene Expression
PBMCG00543	PBMCG00543	Gene Expression
PBMCG00544	PBMCG00544	Gene Expression
PBMCG00545	PBMCG00545	Gene Expression
PBMCG00546	PBMCG00546	Gene Expression
PBMCG00547	PBMCG00547	Gene Expression
PBMCG00548	PBMCG00548	Gene Expression
PBMCG00549	PBMCG00549	Gene Expression
PBMCG00550	PBMCG00550	Gene Expression
PBMCG00551	PBMCG00551	Gene Expression
PBMCG00552	PBMCG00552	Gene Expression
PBMCG00553	PBMCG00553	Gene Expression
PBMCG00554	PBMCG00554	Gene Expression
PBMCG00555	PBMCG00555	Gene Expression
PBMCG00556	PBMCG00556	Gene Expression
PBMCG00557	PBMCG00557	Gene Expression
PBMCG00558	PBMCG00558	Gene Expression
PBMCG00559	PBMCG00559	Gene Expression
PBMCG00560	PBMCG00560	Gene Expression
PBMCG00561	PBMCG00561	Gene Expression
PBMCG00562	PBMCG00562	Gene Expression
PBMCG00563	PBMCG00563	Gene Expression
PBMCG00564	PBMCG00564	Gene Expression
PBMCG00565	PBMCG00565	Gene Expression
PBMCG00566	PBMCG00566	Gene Expression
PBMCG00567	PBMCG00567	Gene Expression
PBMCG00568	PBMCG00568	Gene Expression
PBMCG00569	PBMCG00569	Gene Expression
PBMCG00570	PBMCG00570	Gene Expression
PBMCG00571	PBMCG00571	Gene Expression
PBMCG00572	PBMCG00572	Gene Expression
PBMCG00573	PBMCG00573	Gene Expression
PBMCG00574	PBMCG00574	Gene Expression
PBMCG00575	PBMCG00575	Gene Expression
PBMCG00576	PBMCG00576	Gene Expression
PBMCG00577	PBMCG00577	Gene Expression
PBMCG00578	PBMCG00578	Gene Expression
PBMCG00579	PBMCG00579	Gene Expression
PBMCG00580	PBMCG00580	Gene Expression
PBMCG00581	PBMCG00581	Gene Expression
PBMCG00582	PBMCG00582	Gene Expression
PBMCG00583	PBMCG00583	Gene Expression
PBMCG00584	PBMCG00584	Gene Expression
PBMCG00585	PBMCG00585	Gene Expression
PBMCG00586	PBMCG00586	Gene Expression
PBMCG00587	PBMCG00587	Gene Expression
PBMCG00588	PBMCG00588	Gene Expression
PBMCG00589	PBMCG00589	Gene Expression
PBMCG00590	PBMCG00590	Gene Expression
PBMCG00591	PBMCG00591	Gene Expression
PBMCG00592	PBMCG00592	Gene Expression
PBMCG00593	PBMCG00593	Gene Expression
PBMCG00594	PBMCG00594	Gene Expression
PBMCG00595	PBMCG00595	Gene Expression
PBMCG00596	PBMCG00596	Gene Expression
PBMCG00597	PBMCG00597	Gene Expression
PBMCG00598	PBMCG00598	Gene Expression
PBMCG00599	PBMCG00599	Gene Expression
PBMCG00600	PBMCG00600	Gene Expression
PBMCG00601	PBMCG00601	Gene Expression
PBMCG00602	PBMCG00602	Gene Expression
PBMCG00603	PBMCG00603	Gene Expression
PBMCG00604	PBMCG00604	Gene Expression
PBMCG00605	PBMCG00605	Gene Expression
PBMCG00606	PBMCG00606	Gene Expression
PBMCG00607	PBMCG00607	Gene Expression
PBMCG00608	PBMCG00608	Gene Expression
PBMCG00609	PBMCG00609	Gene Expression
PBMCG00610	PBMCG00610	Gene Expression
PBMCG00611	PBMCG00611	Gene Expression
PBMCG00612	PBMCG00612	Gene Expression
PBMCG00613	PBMCG00613	Gene Expression
PBMCG00614	PBMCG00614	Gene Expression
PBMCG00615	PBMCG00615	Gene Expression
PBMCG00616	PBMCG00616	Gene Expression
PBMCG00617	PBMCG00617	Gene Expression
PBMCG00618	PBMCG00618	Gene Expression
PBMCG00619	PBMCG00619	Gene Expression
PBMCG00620	PBMCG00620	Gene Expression
PBMCG00621	PBMCG00621	Gene Expression
PBMCG00622	PBMCG00622	Gene Expression
PBMCG00623	PBMCG00623	Gene Expression
PBMCG00624	PBMCG00624	Gene Expression
PBMCG00625	PBMCG00625	Gene Expression
PBMCG00626	PBMCG00626	Gene Expression
PBMCG00627	PBMCG00627	Gene Expression
PBMCG00628	PBMCG00628	Gene Expression
PBMCG00629	PBMCG00629	Gene Expression
PBMCG00630	PBMCG00630	Gene Expression
PBMCG00631	PBMCG00631	Gene Expression
PBMCG00632	PBMCG00632	Gene Expression
PBMCG00633	PBMCG00633	Gene Expression
PBMCG00634	PBMCG00634	Gene Expression
PBMCG00635	PBMCG00635	Gene Expression
PBMCG00636	PBMCG00636	Gene Expression
PBMCG00637	PBMCG00637	Gene Expression
PBMCG00638	PBMCG00638	Gene Expression
PBMCG00639	PBMCG00639	Gene Expression
PBMCG00640	PBMCG00640	Gene Expression
PBMCG00641	PBMCG00641	Gene Expression
PBMCG00642	PBMCG00642	Gene Expression
PBMCG00643	PBMCG00643	Gene Expression
PBMCG00644	PBMCG00644	Gene Expression
PBMCG00645	PBMCG00645	Gene Expression
PBMCG00646	PBMCG00646	Gene Expression
PBMCG00647	PBMCG00647	Gene Expression
PBMCG00648	PBMCG00648	Gene Expression
PBMCG00649	PBMCG00649	Gene Expression
PBMCG00650	PBMCG00650	Gene Expression
PBMCG00651	PBMCG00651	Gene Expression
PBMCG00652	PBMCG00652	Gene Expression
PBMCG00653	PBMCG00653	Gene Expression
PBMCG00654	PBMCG00654	Gene Expression
PBMCG00655	PBMCG00655	Gene Expression
PBMCG00656	PBMCG00656	Gene Expression
PBMCG00657	PBMCG00657	Gene Expression
PBMCG00658	PBMCG00658	Gene Expression
PBMCG00659	PBMCG00659	Gene Expression
PBMCG00660	PBMCG00660	Gene Expression
PBMCG00661	PBMCG00661	Gene Expression
PBMCG00662	PBMCG00662	Gene Expression
PBMCG00663	PBMCG00663	Gene Expression
PBMCG00664	PBMCG00664	Gene Expression
PBMCG00665	PBMCG00665	Gene Expression
PBMCG00666	PBMCG00666	Gene Expression
PBMCG00667	PBMCG00667	Gene Expression
PBMCG00668	PBMCG00668	Gene Expression
PBMCG00669	PBMCG00669	Gene Expression
PBMCG00670	PBMCG00670	Gene Expression
PBMCG00671	PBMCG00671	Gene Expression
PBMCG00672	PBMCG00672	Gene Expression
PBMCG00673	PBMCG00673	Gene Expression
PBMCG00674	PBMCG00674	Gene Expression
PBMCG00675	PBMCG00675	Gene Expression
PBMCG00676	PBMCG00676	Gene Expression
PBMCG00677	PBMCG00677	Gene Expression
PBMCG00678	PBMCG00678	Gene Expression
PBMCG00679	PBMCG00679	Gene Expression
PBMCG00680	PBMCG00680	Gene Expression
PBMCG00681	PBMCG00681	Gene Expression
PBMCG00682	PBMCG00682	Gene Expression
PBMCG00683	PBMCG00683	Gene Expression
PBMCG00684	PBMCG00684	Gene Expression
PBMCG00685	PBMCG00685	Gene Expression
PBMCG00686	PBMCG00686	Gene Expression
PBMCG00687	PBMCG00687	Gene Expression
PBMCG00688	PBMCG00688	Gene Expression
PBMCG00689	PBMCG00689	Gene Expression
PBMCG00690	PBMCG00690	Gene Expression
PBMCG00691	PBMCG00691	Gene Expression
PBMCG00692	PBMCG00692	Gene Expression
PBMCG00693	PBMCG00693	Gene Expression
PBMCG00694	PBMCG00694	Gene Expression
PBMCG00695	PBMCG00695	Gene Expression
PBMCG00696	PBMCG00696	Gene Expression
PBMCG00697	PBMCG00697	Gene Expression
PBMCG00698	PBMCG00698	Gene Expression
PBMCG00699	PBMCG00699	Gene Expression
PBMCG00700	PBMCG00700	Gene Expression
PBMCG00701	PBMCG00701	Gene Expression
PBMCG00702	PBMCG00702	Gene Expression
PBMCG00703	PBMCG00703	Gene Expression
PBMCG00704	PBMCG00704	Gene Expression
PBMCG00705	PBMCG00705	Gene Expression
PBMCG00706	PBMCG00706	Gene Expression
PBMCG00707	PBMCG00707	Gene Expression
PBMCG00708	PBMCG00708	Gene Expression
PBMCG00709	PBMCG00709	Gene Expression
PBMCG00710	PBMCG00710	Gene Expression
PBMCG00711	PBMCG00711	Gene Expression
PBMCG00712	PBMCG00712	Gene Expression
PBMCG00713	PBMCG00713	Gene Expression
PBMCG00714	PBMCG00714	Gene Expression
PBMCG00715	PBMCG00715	Gene Expression
PBMCG00716	PBMCG00716	Gene Expression
PBMCG00717	PBMCG00717	Gene Expression
PBMCG00718	PBMCG00718	Gene Expression
PBMCG00719	PBMCG00719	Gene Expression
PBMCG00720	PBMCG00720	Gene Expression
PBMCG00721	PBMCG00721	Gene Expression
PBMCG00722	PBMCG00722	Gene Expression
PBMCG00723	PBMCG00723	Gene Expression
PBMCG00724	PBMCG00724	Gene Expression
PBMCG00725	PBMCG00725	Gene Expression
PBMCG00726	PBMCG00726	Gene Expression
PBMCG00727	PBMCG00727	Gene Expression
PBMCG00728	PBMCG00728	Gene Expression
PBMCG00729	PBMCG00729	Gene Expression
PBMCG00730	PBMCG00730	Gene Expression
PBMCG00731	PBMCG00731	Gene Expression
PBMCG00732	PBMCG00732	Gene Expression
PBMCG00733	PBMCG00733	Gene Expression
PBMCG00734	PBMCG00734	Gene Expression
PBMCG00735	PBMCG00735	Gene Expression
PBMCG00736	PBMCG00736	Gene Expression
PBMCG00737	PBMCG00737	Gene Expression
PBMCG00738	PBMCG00738	Gene Expression
PBMCG00739	PBMCG00739	Gene Expression
PBMCG00740	PBMCG00740	Gene Expression
PBMCG00741	PBMCG00741	Gene Expression
PBMCG00742	PBMCG00742	Gene Expression
PBMCG00743	PBMCG00743	Gene Expression
PBMCG00744	PBMCG00744	Gene Expression
PBMCG00745	PBMCG00745	Gene Expression
PBMCG00746	PBMCG00746	Gene Expression
PBMCG00747	PBMCG00747	Gene Expression
PBMCG00748	PBMCG00748	Gene Expression
PBMCG00749	PBMCG00749	Gene Expression
PBMCG00750	PBMCG00750	Gene Expression
PBMCG00751	PBMCG00751	Gene Expression
PBMCG00752	PBMCG00752	Gene Expression
PBMCG00753	PBMCG00753	Gene Expression
PBMCG00754	PBMCG00754	Gene Expression
PBMCG00755	PBMCG00755	Gene Expression
PBMCG00756	PBMCG00756	Gene Expression
PBMCG00757	PBMCG00757	Gene Expression
PBMCG00758	PBMCG00758	Gene Expression
PBMCG00759	PBMCG00759	Gene Expression
PBMCG00760	PBMCG00760	Gene Expression
PBMCG00761	PBMCG00761	Gene Expression
PBMCG00762	PBMCG00762	Gene Expression
PBMCG00763	PBMCG00763	Gene Expression
PBMCG00764	PBMCG00764	Gene Expression
PBMCG00765	PBMCG00765	Gene Expression
PBMCG00766	PBMCG00766	Gene Expression
PBMCG00767	PBMCG00767	Gene Expression
PBMCG00768	PBMCG00768	Gene Expression
PBMCG00769	PBMCG00769	Gene Expression
PBMCG00770	PBMCG00770	Gene Expression
PBMCG00771	PBMCG00771	Gene Expression
PBMCG00772	PBMCG00772	Gene Expression
PBMCG00773	PBMCG00773	Gene Expression
PBMCG00774	PBMCG00774	Gene Expression
PBMCG00775	PBMCG00775	Gene Expression
PBMCG00776	PBMCG00776	Gene Expression
PBMCG00777	PBMCG00777	Gene Expression
PBMCG00778	PBMCG00778	Gene Expression
PBMCG00779	PBMCG00779	Gene Expression
PBMCG00780	PBMCG00780	Gene Expression
PBMCG00781	PBMCG00781	Gene Expression
PBMCG00782	PBMCG00782	Gene Expression
PBMCG00783	PBMCG00783	Gene Expression
PBMCG00784	PBMCG00784	Gene Expression
PBMCG00785	PBMCG00785	Gene Expression
PBMCG00786	PBMCG00786	Gene Expression
PBMCG00787	PBMCG00787	Gene Expression
PBMCG00788	PBMCG00788	Gene Expression
PBMCG00789	PBMCG00789	Gene Expression
PBMCG00790	PBMCG00790	Gene Expression
PBMCG00791	PBMCG00791	Gene Expression
PBMCG00792	PBMCG00792	Gene Expression
PBMCG00793	PBMCG00793	Gene Expression
PBMCG00794	PBMCG00794	Gene Expression
PBMCG00795	PBMCG00795	Gene Expression
PBMCG00796	PBMCG00796	Gene Expression
PBMCG00797	PBMCG00797	Gene Expression
PBMCG00798	PBMCG00798	Gene Expression
PBMCG00799	PBMCG00799	Gene Expression
PBMCG00800	PBMCG00800	Gene Expression
PBMCG00801	PBMCG00801	Gene Expression
PBMCG00802	PBMCG00802	Gene Expression
PBMCG00803	PBMCG00803	Gene Expression
PBMCG00804	PBMCG00804	Gene Expression
PBMCG00805	PBMCG00805	Gene Expression
PBMCG00806	PBMCG00806	Gene Expression
PBMCG00807	PBMCG00807	Gene Expression
PBMCG00808	PBMCG00808	Gene Expression
PBMCG00809	PBMCG00809	Gene Expression
PBMCG00810	PBMCG00810	Gene Expression
PBMCG00811	PBMCG00811	Gene Expression
PBMCG00812	PBMCG00812	Gene Expression
PBMCG00813	PBMCG00813	Gene Expression
PBMCG00814	PBMCG00814	Gene Expression
PBMCG00815	PBMCG00815	Gene Expression
PBMCG00816	PBMCG00816	Gene Expression
PBMCG00817	PBMCG00817	Gene Expression
PBMCG00818	PBMCG00818	Gene Expression
PBMCG00819	PBMCG00819	Gene Expression
PBMCG00820	PBMCG00820	Gene Expression
PBMCG00821	PBMCG00821	Gene Expression
PBMCG00822	PBMCG00822	Gene Expression
PBMCG00823	PBMCG00823	Gene Expression
PBMCG00824	PBMCG00824	Gene Expression
PBMCG00825	PBMCG00825	Gene Expression
PBMCG00826	PBMCG00826	Gene Expression
PBMCG00827	PBMCG00827	Gene Expression
PBMCG00828	PBMCG00828	Gene Expression
PBMCG00829	PBMCG00829	Gene Expression
PBMCG00830	PBMCG00830	Gene Expression
PBMCG00831	PBMCG00831	Gene Expression
PBMCG00832	PBMCG00832	Gene Expression
PBMCG00833	PBMCG00833	Gene Expression
PBMCG00834	PBMCG00834	Gene Expression
PBMCG00835	PBMCG00835	Gene Expression
PBMCG00836	PBMCG00836	Gene Expression
PBMCG00837	PBMCG00837	Gene Expression
PBMCG00838	PBMCG00838	Gene Expression
PBMCG00839	PBMCG00839	Gene Expression
PBMCG00840	PBMCG00840	Gene Expression
PBMCG00841	PBMCG00841	Gene Expression
PBMCG00842	PBMCG00842	Gene Expression
PBMCG00843	PBMCG00843	Gene Expression
PBMCG00844	PBMCG00844	Gene Expression
PBMCG00845	PBMCG00845	Gene Expression
PBMCG00846	PBMCG00846	Gene Expression
PBMCG00847	PBMCG00847	Gene Expression
PBMCG00848	PBMCG00848	Gene Expression
PBMCG00849	PBMCG00849	Gene Expression
PBMCG00850	PBMCG00850	Gene Expression
PBMCG00851	PBMCG00851	Gene Expression
PBMCG00852	PBMCG00852	Gene Expression
PBMCG00853	PBMCG00853	Gene Expression
PBMCG00854	PBMCG00854	Gene Expression
PBMCG00855	PBMCG00855	Gene Expression
PBMCG00856	PBMCG00856	Gene Expression
PBMCG00857	PBMCG00857	Gene Expression
PBMCG00858	PBMCG00858	Gene Expression
PBMCG00859	PBMCG00859	Gene Expression
PBMCG00860	PBMCG00860	Gene Expression
PBMCG00861	PBMCG00861	Gene Expression
PBMCG00862	PBMCG00862	Gene Expression
PBMCG00863	PBMCG00863	Gene Expression
PBMCG00864	PBMCG00864	Gene Expression
PBMCG00865	PBMCG00865	Gene Expression
PBMCG00866	PBMCG00866	Gene Expression
PBMCG00867	PBMCG00867	Gene Expression
PBMCG00868	PBMCG00868	Gene Expression
PBMCG00869	PBMCG00869	Gene Expression
PBMCG00870	PBMCG00870	Gene Expression
PBMCG00871	PBMCG00871	Gene Expression
PBMCG00872	PBMCG00872	Gene Expression
PBMCG00873	PBMCG00873	Gene Expression
PBMCG00874	PBMCG00874	Gene Expression
PBMCG00875	PBMCG00875	Gene Expression
PBMCG00876	PBMCG00876	Gene Expression
PBMCG00877	PBMCG00877	Gene Expression
PBMCG00878	PBMCG00878	Gene Expression
PBMCG00879	PBMCG00879	Gene Expression
PBMCG00880	PBMCG00880	Gene Expression
PBMCG00881	PBMCG00881	Gene Expression
PBMCG00882	PBMCG00882	Gene Expression
PBMCG00883	PBMCG00883	Gene Expression
PBMCG00884	PBMCG00884	Gene Expression
PBMCG00885	PBMCG00885	Gene Expression
PBMCG00886	PBMCG00886	Gene Expression
PBMCG00887	PBMCG00887	Gene Expression
PBMCG00888	PBMCG00888	Gene Expression
PBMCG00889	PBMCG00889	Gene Expression
PBMCG00890	PBMCG00890	Gene Expression
PBMCG00891	PBMCG00891	Gene Expression
PBMCG00892	PBMCG00892	Gene Expression
PBMCG00893	PBMCG00893	Gene Expression
PBMCG00894	PBMCG00894	Gene Expression
PBMCG00895	PBMCG00895	Gene Expression
PBMCG00896	PBMCG00896	Gene Expression
PBMCG00897	PBMCG00897	Gene Expression
PBMCG00898	PBMCG00898	Gene Expression
PBMCG00899	PBMCG00899	Gene Expression
PBMCG00900	PBMCG00900	Gene Expression
PBMCG00901	PBMCG00901	Gene Expression
PBMCG00902	PBMCG00902	Gene Expression
PBMCG00903	PBMCG00903	Gene Expression
PBMCG00904	PBMCG00904	Gene Expression
PBMCG00905	PBMCG00905	Gene Expression
PBMCG00906	PBMCG00906	Gene Expression
PBMCG00907	PBMCG00907	Gene Expression
PBMCG00908	PBMCG00908	Gene Expression
PBMCG00909	PBMCG00909	Gene Expression
PBMCG00910	PBMCG00910	Gene Expression
PBMCG00911	PBMCG00911	Gene Expression
PBMCG00912	PBMCG00912	Gene Expression
PBMCG00913	PBMCG00913	Gene Expression
PBMCG00914	PBMCG00914	Gene Expression
PBMCG00915	PBMCG00915	Gene Expression
PBMCG00916	PBMCG00916	Gene Expression
PBMCG00917	PBMCG00917	Gene Expression
PBMCG00918	PBMCG00918	Gene Expression
PBMCG00919	PBMCG00919	Gene Expression
PBMCG00920	PBMCG00920	Gene Expression
PBMCG00921	PBMCG00921	Gene Expression
PBMCG00922	PBMCG00922	Gene Expression
PBMCG00923	PBMCG00923	Gene Expression
PBMCG00924	PBMCG00924	Gene Expression
PBMCG00925	PBMCG00925	Gene Expression
PBMCG00926	PBMCG00926	Gene Expression
PBMCG00927	PBMCG00927	Gene Expression
PBMCG00928	PBMCG00928	Gene Expression
PBMCG00929	PBMCG00929	Gene Expression
PBMCG00930	PBMCG00930	Gene Expression
PBMCG00931	PBMCG00931	Gene Expression
PBMCG00932	PBMCG00932	Gene Expression
PBMCG00933	PBMCG00933	Gene Expression
PBMCG00934	PBMCG00934	Gene Expression
PBMCG00935	PBMCG00935	Gene Expression
PBMCG00936	PBMCG00936	Gene Expression
PBMCG00937	PBMCG00937	Gene Expression
PBMCG00938	PBMCG00938	Gene Expression
PBMCG00939	PBMCG00939	Gene Expression
PBMCG00940	PBMCG00940	Gene Expression
PBMCG00941	PBMCG00941	Gene Expression
PBMCG00942	PBMCG00942	Gene Expression
PBMCG00943	PBMCG00943	Gene Expression
PBMCG00944	PBMCG00944	Gene Expression
PBMCG00945	PBMCG00945	Gene Expression
PBMCG00946	PBMCG00946	Gene Expression
PBMCG00947	PBMCG00947	Gene Expression
PBMCG00948	PBMCG00948	Gene Expression
PBMCG00949	PBMCG00949	Gene Expression
PBMCG00950	PBMCG00950	Gene Expression
PBMCG00951	PBMCG00951	Gene Expression
PBMCG00952	PBMCG00952	Gene Expression
PBMCG00953	PBMCG00953	Gene Expression
PBMCG00954	PBMCG00954	Gene Expression
PBMCG00955	PBMCG00955	Gene Expression
PBMCG00956	PBMCG00956	Gene Expression
PBMCG00957	PBMCG00957	Gene Expression
PBMCG00958	PBMCG00958	Gene Expression
PBMCG00959	PBMCG00959	Gene Expression
PBMCG00960	PBMCG00960	Gene Expression
PBMCG00961	PBMCG00961	Gene Expression
PBMCG00962	PBMCG00962	Gene Expression
PBMCG00963	PBMCG00963	Gene Expression
PBMCG00964	PBMCG00964	Gene Expression
PBMCG00965	PBMCG00965	Gene Expression
PBMCG00966	PBMCG00966	Gene Expression
PBMCG00967	PBMCG00967	Gene Expression
PBMCG00968	PBMCG00968	Gene Expression
PBMCG00969	PBMCG00969	Gene Expression
PBMCG00970	PBMCG00970	Gene Expression
PBMCG00971	PBMCG00971	Gene Expression
PBMCG00972	PBMCG00972	Gene Expression
PBMCG00973	PBMCG00973	Gene Expression
PBMCG00974	PBMCG00974	Gene Expression
PBMCG00975	PBMCG00975	Gene Expression
PBMCG00976	PBMCG00976	Gene Expression
PBMCG00977	PBMCG00977	Gene Expression
PBMCG00978	PBMCG00978	Gene Expression
PBMCG00979	PBMCG00979	Gene Expression
PBMCG00980	PBMCG00980	Gene Expression
PBMCG00981	PBMCG00981	Gene Expression
PBMCG00982	PBMCG00982	Gene Expression
PBMCG00983	PBMCG00983	Gene Expression
PBMCG00984	PBMCG00984	Gene Expression
PBMCG00985	PBMCG00985	Gene Expression
PBMCG00986	PBMCG00986	Gene Expression
PBMCG00987	PBMCG00987	Gene Expression
PBMCG00988	PBMCG00988	Gene Expression
PBMCG00989	PBMCG00989	Gene Expression
PBMCG00990	PBMCG00990	Gene Expression
PBMCG00991	PBMCG00991	Gene Expression
PBMCG00992	PBMCG00992	Gene Expression
PBMCG00993	PBMCG00993	Gene Expression
PBMCG00994	PBMCG00994	Gene Expression
PBMCG00995	PBMCG00995	Gene Expression
PBMCG00996	PBMCG00996	Gene Expression
PBMCG00997	PBMCG00997	Gene Expression
PBMCG00998	PBMCG00998	Gene Expression
PBMCG00999	PBMCG00999	Gene Expression
PBMCG01000	PBMCG01000	Gene Expression
